date,campaign_id,case_id,operation,classification,threat_family,severity,status,campaign_phase,platform,device,vendor,zone,confidence,risk_score,affected_assets,evidence_count,ioc_count,initial_access,lead_analyst,priority
2026-07-16,BDC-2026-001,BID-2026-1951,Operation Black Eclipse,Research Facility Intrusion,Specimen Tracking Manipulation,MODERATE,Field Coordination,Containment,Clinical Research Environment,Specimen Tracking Server,Dell,Secure Laboratory,99,62,24,28,142,Credential Abuse,Joint Cyber Investigation Unit,SEVERE
2026-07-16,BDC-2026-001,BID-2026-7151,Operation Black Eclipse,Biosecurity Infrastructure Investigation,Biological Data Exfiltration,HIGH,Intelligence Analysis,Containment,Clinical Research Environment,Laboratory Controller,VMware,Federal Operations,97,79,38,626,432,Credential Abuse,Joint Cyber Investigation Unit,ELEVATED
2026-07-17,BDC-2026-001,BID-2026-1588,Operation Black Eclipse,Laboratory Security Breach,Insider Laboratory Compromise,LOW,Containment,Containment,Evidence Processing Network,Genome Sequencing Server,Red Hat,Biosecurity Segment,96,33,27,1070,325,Remote Access,Analyst Team Bravo,ELEVATED
2026-07-17,BDC-2026-001,BID-2026-1443,Operation Black Eclipse,Biomedical Network Exposure,Insider Laboratory Compromise,LOW,Monitoring,Containment,Evidence Processing Network,Access Control System,Red Hat,Containment Network,94,42,18,2127,1008,Phishing,National Response Cell,SEVERE
2026-07-19,BDC-2026-001,BID-2026-1767,Operation Black Eclipse,Medical Device Security Assessment,Research Network Persistence,MODERATE,Containment,Containment,Laboratory Control Network,Evidence Repository,Red Hat,Federal Operations,90,60,8,118,1504,Supply Chain,Analyst Team Alpha,CRITICAL
2026-07-19,BDC-2026-001,BID-2026-7964,Operation Black Eclipse,Medical Device Security Assessment,Biomedical Infrastructure Reconnaissance,CRITICAL,Open,Operational Recovery,Biomedical Analysis Cluster,Access Control System,Dell,Biosecurity Segment,93,100,37,3904,2764,Phishing,Analyst Team Delta,CRITICAL
2026-07-19,BDC-2026-001,BID-2026-9255,Operation Black Eclipse,Counter-Bioterror Intelligence Case,Synthetic Genome Theft,MODERATE,Monitoring,Operational Recovery,Laboratory Control Network,Access Control System,Dell,Containment Network,91,58,37,3635,6364,Supply Chain,National Response Cell,SEVERE
2026-07-19,BDC-2026-001,BID-2026-5303,Operation Black Eclipse,Counter-Bioterror Intelligence Case,Synthetic Genome Theft,CRITICAL,Intelligence Analysis,Operational Recovery,Clinical Research Environment,Access Control System,Red Hat,Secure Laboratory,84,90,23,11528,6017,Supply Chain,Analyst Team Alpha,HIGH
2026-07-19,BDC-2026-001,BID-2026-2269,Operation Black Eclipse,Counter-Bioterror Intelligence Case,Digital Pathogen Deployment,MODERATE,Evidence Collection,Operational Recovery,Research Network,Specimen Tracking Server,Red Hat,Evidence Network,95,60,32,15907,9194,Credential Abuse,Analyst Team Delta,CRITICAL
2026-07-20,BDC-2026-001,BID-2026-8160,Operation Black Eclipse,Medical Device Security Assessment,Biological Data Exfiltration,LOW,Monitoring,Operational Recovery,Biosecurity Operations Center,Digital Evidence Appliance,Red Hat,Evidence Network,87,44,16,38680,8618,Credential Abuse,Analyst Team Delta,HIGH
2026-07-20,BDC-2026-001,BID-2026-9164,Operation Black Eclipse,Medical Device Security Assessment,Laboratory Credential Abuse,HIGH,Monitoring,Operational Recovery,Genome Sequencing Environment,Specimen Tracking Server,Fortinet,Research Operations,93,71,26,5869,22474,Compromised VPN,Analyst Team Delta,HIGH
2026-07-21,BDC-2026-001,BID-2026-5263,Operation Black Eclipse,Biological Research Intelligence Collection,Unauthorized Genomic Data Modification,HIGH,Field Coordination,Operational Recovery,Evidence Processing Network,Biomedical Workstation,Red Hat,Research Operations,97,74,25,189,46,Supply Chain Compromise,Analyst Team Delta,HIGH
2026-07-21,BDC-2026-001,BID-2026-4741,Operation Black Eclipse,Biological Research Intelligence Collection,Biological Data Exfiltration,MODERATE,Intelligence Analysis,Operational Recovery,Research Network,Genome Sequencing Server,VMware,Secure Laboratory,93,56,6,89,21,Unauthorized Remote Access,Joint Cyber Investigation Unit,ELEVATED
2026-07-21,BDC-2026-001,BID-2026-6233,Operation Black Eclipse,Laboratory Security Breach,Biocontainment System Tampering,MODERATE,Intelligence Analysis,Operational Recovery,Biomedical Analysis Cluster,Access Control System,Dell,Secure Laboratory,83,69,9,68,10,Supply Chain Compromise,Analyst Team Delta,ELEVATED
2026-07-22,BDC-2026-001,BID-2026-4333,Operation Black Eclipse,Biomedical Network Exposure,Insider Laboratory Compromise,HIGH,Field Coordination,Operational Recovery,Evidence Processing Network,Research Database,Microsoft,Federal Operations,86,79,26,104,39,Credential Abuse,Analyst Team Delta,HIGH
2026-07-22,BDC-2026-001,BID-2026-8048,Operation Black Eclipse,Unauthorized Research System Access,Research Network Persistence,MODERATE,Monitoring,Operational Recovery,Evidence Processing Network,Digital Evidence Appliance,Red Hat,Research Operations,87,64,12,68,21,Compromised VPN Account,Analyst Team Delta,ELEVATED
2026-07-23,BDC-2026-001,BID-2026-9826,Operation Black Eclipse,Cyber-Biothreat Intelligence Review,Biomedical Infrastructure Reconnaissance,LOW,Field Coordination,Operational Recovery,Clinical Research Environment,Digital Evidence Appliance,Fortinet,Secure Laboratory,81,40,3,32,5,Compromised VPN Account,National Response Cell,ROUTINE
2026-07-23,BDC-2026-001,BID-2026-2763,Operation Black Eclipse,Biomedical Network Exposure,Unauthorized Genomic Data Modification,MODERATE,Field Coordination,Operational Recovery,Federal Investigation Network,Specimen Tracking Server,Dell,Secure Laboratory,92,66,14,89,23,Unknown,National Response Cell,ELEVATED
2026-07-23,BDC-2026-001,BID-2026-3767,Operation Black Eclipse,Biomedical Network Exposure,Laboratory Credential Abuse,HIGH,Monitoring,Operational Recovery,Evidence Processing Network,Biomedical Workstation,Red Hat,Biosecurity Segment,97,72,20,100,38,Unknown,National Response Cell,HIGH
2026-07-23,BDC-2026-001,BID-2026-9421,Operation Black Eclipse,Evidence Reconstruction Investigation,Specimen Tracking Manipulation,LOW,Intelligence Analysis,Operational Recovery,Laboratory Control Network,Specimen Tracking Server,Cisco,Federal Operations,83,46,6,17,10,Misconfigured External Service,Analyst Team Delta,ROUTINE
2026-07-24,BDC-2026-001,BID-2026-4404,Operation Black Eclipse,Research Facility Intrusion,Biological Data Exfiltration,LOW,Containment,Operational Recovery,Laboratory Control Network,Genome Sequencing Server,Microsoft,Containment Network,87,40,5,16,15,Unauthorized Remote Access,Analyst Team Alpha,ROUTINE
2026-07-24,BDC-2026-001,BID-2026-7645,Operation Black Eclipse,Counter-Bioterror Intelligence Case,Research Data Integrity Manipulation,MODERATE,Field Coordination,Operational Recovery,Evidence Processing Network,Digital Evidence Appliance,Fortinet,Federal Operations,92,66,8,61,16,Credential Abuse,BioDefense Task Force,ELEVATED
2026-07-24,BDC-2026-001,BID-2026-4432,Operation Black Eclipse,Research Facility Intrusion,Insider Laboratory Compromise,HIGH,Evidence Collection,Operational Recovery,Laboratory Control Network,Laboratory Controller,Cisco,Evidence Network,96,73,13,123,37,Supply Chain Compromise,Analyst Team Alpha,HIGH
2026-07-24,BDC-2026-001,BID-2026-3610,Operation Black Eclipse,Laboratory Security Breach,Research Network Persistence,MODERATE,Evidence Collection,Operational Recovery,Federal Investigation Network,Access Control System,Dell,Federal Operations,87,67,17,78,33,Supply Chain Compromise,Analyst Team Bravo,ELEVATED
2026-07-24,BDC-2026-001,BID-2026-8498,Operation Black Eclipse,Cyber-Biothreat Intelligence Review,Unauthorized Genomic Data Modification,HIGH,Field Coordination,Operational Recovery,Evidence Processing Network,Evidence Repository,Cisco,Secure Laboratory,95,89,14,121,62,Unknown,Analyst Team Delta,HIGH
2026-07-24,BDC-2026-001,BID-2026-7222,Operation Black Eclipse,Cyber-Biothreat Intelligence Review,Research Network Persistence,CRITICAL,Monitoring,Operational Recovery,Clinical Research Environment,Access Control System,VMware,Research Operations,96,95,24,197,121,Credential Abuse,Joint Cyber Investigation Unit,CRITICAL
2026-07-25,BDC-2026-001,BID-2026-5964,Operation Black Eclipse,Laboratory Security Breach,Laboratory Credential Abuse,MODERATE,Evidence Collection,Operational Recovery,Federal Investigation Network,Digital Evidence Appliance,Microsoft,Research Operations,83,51,18,46,32,Misconfigured External Service,Analyst Team Delta,ELEVATED
2026-07-25,BDC-2026-001,BID-2026-6782,Operation Black Eclipse,Laboratory Security Breach,Laboratory Credential Abuse,HIGH,Monitoring,Operational Recovery,Biomedical Analysis Cluster,Laboratory Controller,Dell,Containment Network,94,73,18,186,63,Unauthorized Remote Access,Analyst Team Bravo,HIGH
2026-07-26,BDC-2026-001,BID-2026-3972,Operation Black Eclipse,Medical Device Security Assessment,Biological Data Exfiltration,CRITICAL,Intelligence Analysis,Operational Recovery,Laboratory Control Network,Access Control System,Fortinet,Research Operations,99,97,49,356,63,Phishing,Analyst Team Alpha,CRITICAL
2026-07-26,BDC-2026-001,BID-2026-8783,Operation Black Eclipse,Evidence Reconstruction Investigation,Research Data Integrity Manipulation,CRITICAL,Monitoring,Operational Recovery,Evidence Processing Network,Biomedical Workstation,Dell,Federal Operations,97,97,52,279,68,Phishing,BioDefense Task Force,CRITICAL
2026-07-26,BDC-2026-001,BID-2026-7389,Operation Black Eclipse,Unauthorized Research System Access,Unauthorized Genomic Data Modification,HIGH,Evidence Collection,Operational Recovery,Genome Sequencing Environment,Laboratory Controller,Palo Alto Networks,Federal Operations,86,88,23,214,66,Phishing,Analyst Team Delta,HIGH
2026-07-26,BDC-2026-001,BID-2026-5440,Operation Black Eclipse,Counter-Bioterror Intelligence Case,Laboratory Credential Abuse,HIGH,Evidence Collection,Operational Recovery,Laboratory Control Network,Access Control System,Red Hat,Containment Network,87,71,25,162,77,Phishing,Analyst Team Bravo,HIGH
2026-07-26,BDC-2026-001,BID-2026-1824,Operation Black Eclipse,Biosecurity Infrastructure Investigation,Biological Data Exfiltration,MODERATE,Intelligence Analysis,Operational Recovery,Genome Sequencing Environment,Biomedical Workstation,VMware,Federal Operations,83,68,15,61,35,Misconfigured External Service,National Response Cell,ELEVATED
2026-07-26,BDC-2026-001,BID-2026-4874,Operation Black Eclipse,Laboratory Security Breach,Biocontainment System Tampering,LOW,Open,Operational Recovery,Genome Sequencing Environment,Access Control System,Cisco,Containment Network,80,49,5,35,7,Compromised VPN Account,Analyst Team Alpha,ROUTINE
2026-07-26,BDC-2026-001,BID-2026-8128,Operation Black Eclipse,Medical Device Security Assessment,Research Network Persistence,MODERATE,Open,Operational Recovery,Laboratory Control Network,Biomedical Workstation,Lenovo,Biosecurity Segment,91,57,15,95,13,Unknown,Analyst Team Bravo,ELEVATED
2026-07-26,BDC-2026-001,BID-2026-1198,Operation Black Eclipse,Biomedical Network Exposure,Research Network Persistence,LOW,Open,Operational Recovery,Laboratory Control Network,Biomedical Workstation,VMware,Evidence Network,80,42,8,28,5,Misconfigured External Service,Analyst Team Delta,ROUTINE
2026-07-26,BDC-2026-001,BID-2026-9301,Operation Black Eclipse,Cyber-Biothreat Intelligence Review,Synthetic Genome Data Theft,LOW,Intelligence Analysis,Operational Recovery,Biosecurity Operations Center,Genome Sequencing Server,Palo Alto Networks,Federal Operations,87,35,3,33,6,Credential Abuse,Joint Cyber Investigation Unit,ROUTINE
2026-07-26,BDC-2026-001,BID-2026-9419,Operation Black Eclipse,Counter-Bioterror Intelligence Case,Unauthorized Genomic Data Modification,MODERATE,Field Coordination,Operational Recovery,Evidence Processing Network,Digital Evidence Appliance,VMware,Research Operations,85,69,13,85,30,Supply Chain Compromise,National Response Cell,ELEVATED
2026-07-26,BDC-2026-001,BID-2026-9404,Operation Black Eclipse,Cyber-Biothreat Intelligence Review,Biomedical Infrastructure Reconnaissance,MODERATE,Evidence Collection,Operational Recovery,Evidence Processing Network,Biomedical Workstation,Dell,Research Operations,94,52,13,86,15,Phishing,National Response Cell,ELEVATED
2026-07-26,BDC-2026-001,BID-2026-9444,Operation Black Eclipse,Biological Research Intelligence Collection,Specimen Tracking Manipulation,LOW,Evidence Collection,Operational Recovery,Evidence Processing Network,Research Database,Fortinet,Secure Laboratory,84,30,5,42,9,Phishing,Analyst Team Alpha,ROUTINE
2026-07-27,BDC-2026-001,BID-2026-1850,Operation Black Eclipse,Research Facility Intrusion,Research Data Integrity Manipulation,CRITICAL,Containment,Operational Recovery,Biosecurity Operations Center,Laboratory Controller,Microsoft,Federal Operations,91,96,54,197,151,Credential Abuse,National Response Cell,CRITICAL
2026-07-27,BDC-2026-001,BID-2026-4464,Operation Black Eclipse,Biological Research Intelligence Collection,Unauthorized Genomic Data Modification,CRITICAL,Monitoring,Operational Recovery,Biosecurity Operations Center,Digital Evidence Appliance,Lenovo,Containment Network,99,92,33,371,126,Credential Abuse,Analyst Team Bravo,CRITICAL
2026-07-28,BDC-2026-001,BID-2026-8255,Operation Black Eclipse,Counter-Bioterror Intelligence Case,Biocontainment System Tampering,MODERATE,Monitoring,Operational Recovery,Biomedical Analysis Cluster,Specimen Tracking Server,Lenovo,Research Operations,87,56,18,95,20,Compromised VPN Account,Analyst Team Alpha,ELEVATED
2026-07-28,BDC-2026-001,BID-2026-5296,Operation Black Eclipse,Biomedical Network Exposure,Specimen Tracking Manipulation,MODERATE,Monitoring,Operational Recovery,Evidence Processing Network,Biomedical Workstation,Lenovo,Containment Network,82,63,7,93,30,Supply Chain Compromise,Joint Cyber Investigation Unit,ELEVATED
2026-07-28,BDC-2026-001,BID-2026-2459,Operation Black Eclipse,Research Facility Intrusion,Biological Data Exfiltration,MODERATE,Evidence Collection,Operational Recovery,Biosecurity Operations Center,Specimen Tracking Server,Red Hat,Secure Laboratory,91,56,7,67,26,Credential Abuse,National Response Cell,ELEVATED
2026-07-29,BDC-2026-001,BID-2026-3308,Operation Black Eclipse,Evidence Reconstruction Investigation,Insider Laboratory Compromise,LOW,Evidence Collection,Operational Recovery,Federal Investigation Network,Biomedical Workstation,Palo Alto Networks,Secure Laboratory,84,41,7,14,14,Credential Abuse,Analyst Team Delta,ROUTINE
2026-07-29,BDC-2026-001,BID-2026-9499,Operation Black Eclipse,Unauthorized Research System Access,Research Network Persistence,CRITICAL,Open,Operational Recovery,Biosecurity Operations Center,Genome Sequencing Server,Cisco,Secure Laboratory,98,95,47,364,80,Unauthorized Remote Access,Analyst Team Alpha,CRITICAL
2026-07-29,BDC-2026-001,BID-2026-2215,Operation Black Eclipse,Unauthorized Research System Access,Laboratory Credential Abuse,HIGH,Field Coordination,Operational Recovery,Laboratory Control Network,Laboratory Controller,Red Hat,Federal Operations,97,85,18,168,75,Unknown,Analyst Team Bravo,HIGH
2026-07-29,BDC-2026-001,BID-2026-4439,Operation Black Eclipse,Evidence Reconstruction Investigation,Laboratory Credential Abuse,MODERATE,Intelligence Analysis,Operational Recovery,Biosecurity Operations Center,Research Database,VMware,Containment Network,92,69,11,46,15,Credential Abuse,Analyst Team Delta,ELEVATED
2026-07-30,BDC-2026-001,BID-2026-2293,Operation Black Eclipse,Medical Device Security Assessment,Laboratory Credential Abuse,MODERATE,Open,Operational Recovery,Biosecurity Operations Center,Digital Evidence Appliance,Microsoft,Evidence Network,87,66,10,58,25,Phishing,BioDefense Task Force,ELEVATED
2026-07-30,BDC-2026-001,BID-2026-3690,Operation Black Eclipse,Biological Research Intelligence Collection,Specimen Tracking Manipulation,MODERATE,Evidence Collection,Operational Recovery,Clinical Research Environment,Laboratory Controller,Cisco,Biosecurity Segment,90,55,9,44,32,Unknown,Analyst Team Delta,ELEVATED
2026-07-30,BDC-2026-001,BID-2026-1003,Operation Black Eclipse,Biomedical Network Exposure,Synthetic Genome Data Theft,LOW,Open,Operational Recovery,Genome Sequencing Environment,Specimen Tracking Server,VMware,Biosecurity Segment,82,32,6,40,11,Credential Abuse,Analyst Team Delta,ROUTINE
2026-07-30,BDC-2026-001,BID-2026-1532,Operation Black Eclipse,Research Facility Intrusion,Laboratory Credential Abuse,HIGH,Open,Operational Recovery,Biosecurity Operations Center,Laboratory Controller,Fortinet,Federal Operations,91,81,14,193,77,Unknown,Analyst Team Delta,HIGH
2026-07-30,BDC-2026-001,BID-2026-5457,Operation Black Eclipse,Biological Research Intelligence Collection,Synthetic Genome Data Theft,HIGH,Containment,Operational Recovery,Research Network,Access Control System,Fortinet,Evidence Network,93,71,15,160,46,Credential Abuse,Analyst Team Alpha,HIGH
2026-07-30,BDC-2026-001,BID-2026-8488,Operation Black Eclipse,Research Facility Intrusion,Biomedical Infrastructure Reconnaissance,MODERATE,Containment,Operational Recovery,Clinical Research Environment,Digital Evidence Appliance,Fortinet,Federal Operations,86,64,15,78,19,Supply Chain Compromise,Analyst Team Alpha,ELEVATED
2026-07-30,BDC-2026-001,BID-2026-1479,Operation Black Eclipse,Cyber-Biothreat Intelligence Review,Laboratory Credential Abuse,CRITICAL,Containment,Operational Recovery,Biosecurity Operations Center,Biomedical Workstation,Fortinet,Federal Operations,90,97,25,330,152,Phishing,Analyst Team Bravo,CRITICAL
2026-07-31,BDC-2026-001,BID-2026-7077,Operation Black Eclipse,Biological Research Intelligence Collection,Laboratory Credential Abuse,LOW,Field Coordination,Operational Recovery,Federal Investigation Network,Genome Sequencing Server,Fortinet,Biosecurity Segment,88,38,6,41,3,Unauthorized Remote Access,National Response Cell,ROUTINE
2026-07-31,BDC-2026-001,BID-2026-5363,Operation Black Eclipse,Laboratory Security Breach,Biocontainment System Tampering,HIGH,Intelligence Analysis,Operational Recovery,Genome Sequencing Environment,Evidence Repository,Red Hat,Federal Operations,88,72,31,175,41,Unknown,Joint Cyber Investigation Unit,HIGH
2026-08-01,BDC-2026-001,BID-2026-9408,Operation Black Eclipse,Counter-Bioterror Intelligence Case,Biocontainment System Tampering,CRITICAL,Monitoring,Operational Recovery,Federal Investigation Network,Research Database,Red Hat,Research Operations,96,92,47,348,121,Credential Abuse,Analyst Team Bravo,CRITICAL
2026-08-01,BDC-2026-001,BID-2026-8561,Operation Black Eclipse,Unauthorized Research System Access,Insider Laboratory Compromise,MODERATE,Open,Operational Recovery,Laboratory Control Network,Biomedical Workstation,VMware,Containment Network,85,55,6,52,22,Unknown,Analyst Team Bravo,ELEVATED
2026-08-01,BDC-2026-001,BID-2026-6443,Operation Black Eclipse,Biological Research Intelligence Collection,Specimen Tracking Manipulation,HIGH,Evidence Collection,Operational Recovery,Evidence Processing Network,Biomedical Workstation,Microsoft,Containment Network,96,87,27,218,45,Phishing,Analyst Team Bravo,HIGH
2026-08-01,BDC-2026-001,BID-2026-4819,Operation Black Eclipse,Laboratory Security Breach,Insider Laboratory Compromise,HIGH,Intelligence Analysis,Operational Recovery,Clinical Research Environment,Laboratory Controller,VMware,Federal Operations,89,70,28,197,76,Credential Abuse,National Response Cell,HIGH
2026-08-01,BDC-2026-001,BID-2026-1115,Operation Black Eclipse,Biosecurity Infrastructure Investigation,Specimen Tracking Manipulation,HIGH,Monitoring,Operational Recovery,Federal Investigation Network,Genome Sequencing Server,Red Hat,Research Operations,96,75,14,214,37,Phishing,Analyst Team Delta,HIGH
2026-08-02,BDC-2026-001,BID-2026-5702,Operation Black Eclipse,Evidence Reconstruction Investigation,Research Data Integrity Manipulation,MODERATE,Intelligence Analysis,Operational Recovery,Genome Sequencing Environment,Evidence Repository,Cisco,Containment Network,85,65,15,61,13,Supply Chain Compromise,BioDefense Task Force,ELEVATED
2026-08-02,BDC-2026-001,BID-2026-9061,Operation Black Eclipse,Research Facility Intrusion,Biological Data Exfiltration,HIGH,Open,Operational Recovery,Laboratory Control Network,Genome Sequencing Server,Fortinet,Containment Network,88,75,14,212,38,Phishing,Analyst Team Bravo,HIGH
2026-08-02,BDC-2026-001,BID-2026-9879,Coordinated Biomedical Systems Intrusion,Research Data Integrity Investigation,Credential Misuse,LOW,Containment,Operational Recovery,Laboratory Control Network,Biomedical Workstation,Palo Alto Networks,Protected Research Segment,88,25,10,53,6,Exposed Remote Service,Joint Cyber Investigation Unit,ROUTINE
2026-08-02,BDC-2026-001,BID-2026-6104,Coordinated Biomedical Systems Intrusion,Research Data Integrity Investigation,Research Data Integrity Manipulation,LOW,Monitoring,Operational Recovery,Clinical Research Environment,Evidence Repository,Lenovo,Protected Research Segment,85,36,4,14,10,Third-Party Access,Analyst Team Bravo,ROUTINE
2026-08-02,BDC-2026-001,BID-2026-6321,Coordinated Biomedical Systems Intrusion,Supply Chain Security Investigation,Unauthorized Laboratory Network Access,HIGH,Evidence Collection,Operational Recovery,Protected Research Network,Network Security Appliance,HPE,Federal Operations,86,81,31,115,40,Compromised Credentials,BioDefense Task Force,HIGH
2026-08-02,BDC-2026-001,BID-2026-3342,Coordinated Biomedical Systems Intrusion,Biological Research Intelligence Collection,Biomedical Supply Chain Compromise,MODERATE,Field Coordination,Operational Recovery,Evidence Processing Network,Access Control Server,HPE,Protected Research Segment,88,53,17,87,32,Compromised Credentials,Analyst Team Alpha,ELEVATED
2026-08-03,BDC-2026-001,BID-2026-1278,Coordinated Biomedical Systems Intrusion,Protected Research Systems Investigation,Research Workstation Compromise,MODERATE,Field Coordination,Operational Recovery,Medical Research Laboratory,Access Control Server,Dell,Federal Operations,86,46,16,114,22,Supply Chain Compromise,Analyst Team Delta,ELEVATED
2026-08-03,BDC-2026-001,BID-2026-3870,Coordinated Biomedical Systems Intrusion,Laboratory Access Control Investigation,Biocontainment System Tampering,LOW,Monitoring,Operational Recovery,Clinical Research Environment,Clinical Data Server,Dell,Research Operations,87,36,5,51,10,Compromised Credentials,Analyst Team Alpha,ROUTINE
2026-08-03,BDC-2026-001,BID-2026-2718,Coordinated Biomedical Systems Intrusion,Biomedical Infrastructure Investigation,Biomedical Supply Chain Compromise,MODERATE,Field Coordination,Operational Recovery,Clinical Research Environment,Network Security Appliance,Dell,Evidence Network,86,62,18,92,39,Unauthorized Physical Access,Analyst Team Delta,ELEVATED
2026-08-03,BDC-2026-001,BID-2026-5077,Coordinated Biomedical Systems Intrusion,Biological Research Intelligence Collection,Research Data Integrity Manipulation,MODERATE,Open,Operational Recovery,Research Data Repository,Biomedical Workstation,Palo Alto Networks,Evidence Network,88,58,20,49,14,Web Application Exploitation,Analyst Team Alpha,ELEVATED
2026-08-03,BDC-2026-001,BID-2026-8334,Coordinated Biomedical Systems Intrusion,Unauthorized Research System Access,Medical Device Communications Interference,LOW,Containment,Operational Recovery,Clinical Research Environment,Biomedical Workstation,Red Hat,Research Operations,85,21,7,54,18,Supply Chain Compromise,Analyst Team Delta,ROUTINE
2026-08-03,BDC-2026-001,BID-2026-4246,Coordinated Biomedical Systems Intrusion,Biomedical Infrastructure Investigation,Clinical Research Data Manipulation,CRITICAL,Open,Operational Recovery,Protected Research Network,Laboratory Information Server,Dell,Protected Research Segment,95,96,59,240,90,Third-Party Access,Joint Cyber Investigation Unit,CRITICAL
2026-08-03,BDC-2026-001,BID-2026-6850,Coordinated Biomedical Systems Intrusion,Cyber-Biothreat Intelligence Review,Evidence Repository Manipulation,HIGH,Containment,Operational Recovery,Biomedical Analysis Cluster,Evidence Repository,Lenovo,Secure Laboratory,87,84,40,97,53,Unauthorized Physical Access,BioDefense Task Force,HIGH
2026-08-03,BDC-2026-001,BID-2026-3408,Coordinated Biomedical Systems Intrusion,Medical Device Security Assessment,Laboratory Information System Compromise,LOW,Field Coordination,Operational Recovery,Biomedical Analysis Cluster,Evidence Repository,Microsoft,Containment Network,83,30,10,54,15,Supply Chain Compromise,Joint Cyber Investigation Unit,ROUTINE
2026-08-03,BDC-2026-001,BID-2026-7106,Coordinated Biomedical Systems Intrusion,Medical Device Security Assessment,Access Control Record Manipulation,HIGH,Evidence Collection,Operational Recovery,Protected Research Network,Research Database Server,HPE,Federal Operations,86,66,16,140,44,Insider Misuse,National Response Cell,HIGH
2026-08-03,BDC-2026-001,BID-2026-7175,Coordinated Biomedical Systems Intrusion,Research Data Integrity Investigation,Biocontainment System Tampering,MODERATE,Open,Operational Recovery,Laboratory Control Network,Genome Analysis Workstation,Red Hat,Biosecurity Segment,91,46,15,41,24,Exposed Remote Service,National Response Cell,ELEVATED
2026-08-03,BDC-2026-001,BID-2026-6091,Coordinated Biomedical Systems Intrusion,Protected Research Systems Investigation,Evidence Repository Manipulation,MODERATE,Containment,Operational Recovery,Genome Sequencing Environment,Access Control Server,Fortinet,Secure Laboratory,85,48,14,84,35,Insider Misuse,National Response Cell,ELEVATED
2026-08-03,BDC-2026-001,BID-2026-9937,Coordinated Biomedical Systems Intrusion,Protected Research Systems Investigation,Laboratory Information System Compromise,LOW,Open,Operational Recovery,Evidence Processing Network,Network Security Appliance,VMware,Containment Network,84,28,10,17,10,Exposed Remote Service,Analyst Team Bravo,ROUTINE
2026-08-03,BDC-2026-001,BID-2026-3583,Coordinated Biomedical Systems Intrusion,Biological Research Intelligence Collection,Biocontainment System Tampering,HIGH,Intelligence Analysis,Operational Recovery,Research Data Repository,Clinical Data Server,VMware,Biosecurity Segment,90,68,27,136,29,Compromised Credentials,National Response Cell,HIGH
2026-08-03,BDC-2026-001,BID-2026-5190,Coordinated Biomedical Systems Intrusion,Cyber-Biothreat Intelligence Review,Medical Device Communications Interference,LOW,Containment,Operational Recovery,Research Data Repository,Genome Analysis Workstation,Microsoft,Federal Operations,90,26,5,12,17,Exposed Remote Service,Analyst Team Bravo,ROUTINE
2026-08-04,BDC-2026-001,BID-2026-7918,Coordinated Biomedical Systems Intrusion,Protected Research Systems Investigation,Laboratory Information System Compromise,HIGH,Intelligence Analysis,Operational Recovery,Medical Research Laboratory,Network Security Appliance,Palo Alto Networks,Research Operations,96,79,18,224,98,Web Application Exploitation,Analyst Team Delta,HIGH
2026-08-04,BDC-2026-001,BID-2026-9934,Coordinated Biomedical Systems Intrusion,Supply Chain Security Investigation,Medical Device Communications Interference,HIGH,Field Coordination,Operational Recovery,Laboratory Control Network,Clinical Data Server,Palo Alto Networks,Containment Network,98,70,16,145,29,Insider Misuse,BioDefense Task Force,HIGH
2026-08-04,BDC-2026-001,BID-2026-5598,Coordinated Biomedical Systems Intrusion,Specimen Management Security Review,Protected Research Data Exfiltration,HIGH,Evidence Collection,Operational Recovery,Biosecurity Operations Center,Biomedical Workstation,Dell,Containment Network,94,69,40,160,94,Insider Misuse,Analyst Team Bravo,HIGH
2026-08-04,BDC-2026-001,BID-2026-6149,Coordinated Biomedical Systems Intrusion,Supply Chain Security Investigation,Research Data Integrity Manipulation,LOW,Evidence Collection,Operational Recovery,Laboratory Control Network,Access Control Server,HPE,Federal Operations,88,27,7,49,4,Insider Misuse,BioDefense Task Force,ROUTINE
2026-08-04,BDC-2026-001,BID-2026-5008,Coordinated Biomedical Systems Intrusion,Unauthorized Research System Access,Medical Device Communications Interference,MODERATE,Field Coordination,Operational Recovery,Biosecurity Operations Center,Evidence Repository,Red Hat,Biosecurity Segment,95,55,14,97,25,Compromised Credentials,Analyst Team Delta,ELEVATED
2026-08-04,BDC-2026-001,BID-2026-6459,Coordinated Biomedical Systems Intrusion,Supply Chain Security Investigation,Specimen Tracking Manipulation,HIGH,Evidence Collection,Operational Recovery,Genome Sequencing Environment,Genome Analysis Workstation,Dell,Secure Laboratory,96,74,14,118,52,Insider Misuse,Analyst Team Alpha,HIGH
2026-08-04,BDC-2026-001,BID-2026-8932,Coordinated Biomedical Systems Intrusion,Specimen Management Security Review,Biomedical Supply Chain Compromise,MODERATE,Monitoring,Operational Recovery,Evidence Processing Network,Genome Analysis Workstation,Palo Alto Networks,Federal Operations,82,56,7,35,16,Compromised Credentials,Analyst Team Alpha,ELEVATED
2026-08-05,BDC-2026-001,BID-2026-1514,Coordinated Biomedical Systems Intrusion,Digital Evidence Reconstruction Investigation,Protected Research Data Exfiltration,MODERATE,Evidence Collection,Operational Recovery,Clinical Research Environment,Medical Device Gateway,Lenovo,Secure Laboratory,93,46,7,37,34,Exposed Remote Service,National Response Cell,ELEVATED
2026-08-05,BDC-2026-001,BID-2026-1207,Coordinated Biomedical Systems Intrusion,Laboratory Access Control Investigation,Evidence Repository Manipulation,CRITICAL,Intelligence Analysis,Operational Recovery,Research Data Repository,Clinical Data Server,Microsoft,Secure Laboratory,95,89,31,320,109,Supply Chain Compromise,Joint Cyber Investigation Unit,CRITICAL
2026-08-05,BDC-2026-001,BID-2026-5780,Coordinated Biomedical Systems Intrusion,Specimen Management Security Review,Specimen Tracking Manipulation,LOW,Evidence Collection,Operational Recovery,Evidence Processing Network,Clinical Data Server,Red Hat,Evidence Network,86,36,4,43,8,Third-Party Access,National Response Cell,ROUTINE
2026-08-06,BDC-2026-001,BID-2026-8917,Coordinated Biomedical Systems Intrusion,Unauthorized Research System Access,Research Data Integrity Manipulation,HIGH,Monitoring,Operational Recovery,Genome Sequencing Environment,Laboratory Information Server,Dell,Biosecurity Segment,90,69,18,118,100,Compromised Credentials,Joint Cyber Investigation Unit,HIGH
2026-08-06,BDC-2026-001,BID-2026-3923,Coordinated Biomedical Systems Intrusion,Research Data Integrity Investigation,Biomedical Supply Chain Compromise,MODERATE,Open,Operational Recovery,Clinical Research Environment,Access Control Server,Red Hat,Secure Laboratory,86,59,17,87,36,Web Application Exploitation,National Response Cell,ELEVATED
2026-08-06,BDC-2026-001,BID-2026-2460,Coordinated Biomedical Systems Intrusion,Research Facility Intrusion Investigation,Credential Misuse,LOW,Intelligence Analysis,Operational Recovery,Biosecurity Operations Center,Access Control Server,Fortinet,Secure Laboratory,80,35,8,24,13,Web Application Exploitation,Joint Cyber Investigation Unit,ROUTINE
2026-08-06,BDC-2026-001,BID-2026-6446,Coordinated Biomedical Systems Intrusion,Laboratory Security Breach Investigation,Biocontainment System Tampering,CRITICAL,Evidence Collection,Operational Recovery,Biosecurity Operations Center,Network Security Appliance,Fortinet,Protected Research Segment,93,92,23,407,78,Unauthorized Physical Access,Joint Cyber Investigation Unit,CRITICAL
2026-08-06,BDC-2026-001,BID-2026-1035,Coordinated Biomedical Systems Intrusion,Biomedical Infrastructure Investigation,Specimen Tracking Manipulation,LOW,Open,Operational Recovery,Clinical Research Environment,Laboratory Information Server,Cisco,Secure Laboratory,85,30,3,31,18,Insider Misuse,National Response Cell,ROUTINE
2026-08-07,BDC-2026-001,BID-2026-4601,Coordinated Biomedical Systems Intrusion,Medical Device Security Assessment,Biomedical Supply Chain Compromise,LOW,Open,Operational Recovery,Clinical Research Environment,Evidence Repository,Lenovo,Federal Operations,88,25,9,30,5,Supply Chain Compromise,Analyst Team Bravo,ROUTINE
2026-08-07,BDC-2026-001,BID-2026-1158,Coordinated Biomedical Systems Intrusion,Medical Device Security Assessment,Evidence Repository Manipulation,HIGH,Evidence Collection,Operational Recovery,Medical Research Laboratory,Specimen Tracking Terminal,Lenovo,Biosecurity Segment,92,78,11,152,71,Insider Misuse,BioDefense Task Force,HIGH
2026-08-07,BDC-2026-001,BID-2026-6053,Coordinated Biomedical Systems Intrusion,Digital Evidence Reconstruction Investigation,Credential Misuse,LOW,Open,Operational Recovery,Research Data Repository,Biomedical Workstation,Palo Alto Networks,Containment Network,85,39,9,35,16,Third-Party Access,Analyst Team Alpha,ROUTINE
2026-08-07,BDC-2026-001,BID-2026-7379,Coordinated Biomedical Systems Intrusion,Biological Research Intelligence Collection,Biomedical Supply Chain Compromise,HIGH,Containment,Operational Recovery,Laboratory Control Network,Clinical Data Server,Microsoft,Evidence Network,96,65,27,126,73,Insider Misuse,BioDefense Task Force,HIGH
2026-08-07,BDC-2026-001,BID-2026-2643,Coordinated Biomedical Systems Intrusion,Research Facility Intrusion Investigation,Research Workstation Compromise,LOW,Open,Operational Recovery,Medical Research Laboratory,Laboratory Information Server,Lenovo,Federal Operations,82,36,2,46,9,Phishing,BioDefense Task Force,ROUTINE
2026-08-07,BDC-2026-001,BID-2026-6500,Coordinated Biomedical Systems Intrusion,Digital Evidence Reconstruction Investigation,Credential Misuse,MODERATE,Containment,Operational Recovery,Clinical Research Environment,Laboratory Information Server,Palo Alto Networks,Protected Research Segment,86,63,8,77,20,Third-Party Access,BioDefense Task Force,ELEVATED
2026-08-08,BDC-2026-001,BID-2026-2784,Coordinated Biomedical Systems Intrusion,Biocontainment Network Investigation,Unauthorized Laboratory Network Access,HIGH,Containment,Operational Recovery,Biomedical Analysis Cluster,Clinical Data Server,HPE,Evidence Network,89,72,22,250,93,Web Application Exploitation,National Response Cell,HIGH
2026-08-08,BDC-2026-001,BID-2026-3237,Coordinated Biomedical Systems Intrusion,Laboratory Access Control Investigation,Protected Research Data Exfiltration,LOW,Containment,Operational Recovery,Laboratory Control Network,Medical Device Gateway,Palo Alto Networks,Biosecurity Segment,84,34,3,39,15,Supply Chain Compromise,BioDefense Task Force,ROUTINE
2026-08-09,BDC-2026-001,BID-2026-1692,Coordinated Biomedical Systems Intrusion,Unauthorized Research System Access,Access Control Record Manipulation,MODERATE,Containment,Operational Recovery,Protected Research Network,Specimen Tracking Terminal,Red Hat,Evidence Network,91,56,17,115,16,Insider Misuse,Joint Cyber Investigation Unit,ELEVATED
2026-08-09,BDC-2026-001,BID-2026-8790,Coordinated Biomedical Systems Intrusion,Biomedical Infrastructure Investigation,Unauthorized Laboratory Network Access,HIGH,Open,Operational Recovery,Biomedical Analysis Cluster,Laboratory Information Server,VMware,Evidence Network,91,79,35,114,45,Compromised Credentials,Analyst Team Alpha,HIGH
2026-08-10,BDC-2026-001,BID-2026-1107,Coordinated Biomedical Systems Intrusion,Laboratory Access Control Investigation,Biomedical Supply Chain Compromise,HIGH,Open,Operational Recovery,Medical Research Laboratory,Genome Analysis Workstation,VMware,Secure Laboratory,90,68,13,214,64,Unauthorized Physical Access,Analyst Team Bravo,HIGH
2026-08-10,BDC-2026-001,BID-2026-3273,Coordinated Biomedical Systems Intrusion,Medical Device Security Assessment,Medical Device Communications Interference,MODERATE,Field Coordination,Operational Recovery,Laboratory Control Network,Evidence Repository,Palo Alto Networks,Biosecurity Segment,86,48,15,73,43,Unauthorized Physical Access,Analyst Team Delta,ELEVATED
2026-08-11,BDC-2026-001,BID-2026-6424,Coordinated Biomedical Systems Intrusion,Laboratory Security Breach Investigation,Protected Research Data Exfiltration,HIGH,Intelligence Analysis,Operational Recovery,Federal Investigation Network,Genome Analysis Workstation,Microsoft,Federal Operations,97,67,33,92,66,Supply Chain Compromise,BioDefense Task Force,HIGH
2026-08-11,BDC-2026-001,BID-2026-7336,Coordinated Biomedical Systems Intrusion,Cyber-Biothreat Intelligence Review,Access Control Record Manipulation,HIGH,Field Coordination,Operational Recovery,Federal Investigation Network,Network Security Appliance,Microsoft,Federal Operations,97,72,14,141,94,Exposed Remote Service,National Response Cell,HIGH
2026-08-12,BDC-2026-001,BID-2026-6172,Coordinated Biomedical Systems Intrusion,Research Data Integrity Investigation,Research Workstation Compromise,LOW,Open,Operational Recovery,Medical Research Laboratory,Laboratory Information Server,HPE,Evidence Network,88,32,5,51,15,Web Application Exploitation,Analyst Team Bravo,ROUTINE
2026-08-12,BDC-2026-001,BID-2026-8062,Coordinated Biomedical Systems Intrusion,Medical Device Security Assessment,Research Data Integrity Manipulation,MODERATE,Intelligence Analysis,Operational Recovery,Research Data Repository,Specimen Tracking Terminal,Dell,Research Operations,83,51,20,75,23,Web Application Exploitation,Analyst Team Delta,ELEVATED
2026-08-13,BDC-2026-001,BID-2026-2880,Coordinated Biomedical Systems Intrusion,Laboratory Access Control Investigation,Laboratory Information System Compromise,HIGH,Intelligence Analysis,Operational Recovery,Genome Sequencing Environment,Laboratory Information Server,Red Hat,Protected Research Segment,93,78,24,233,61,Web Application Exploitation,Analyst Team Alpha,HIGH
2026-08-13,BDC-2026-001,BID-2026-5282,Coordinated Biomedical Systems Intrusion,Specimen Management Security Review,Credential Misuse,CRITICAL,Intelligence Analysis,Operational Recovery,Clinical Research Environment,Clinical Data Server,VMware,Evidence Network,90,91,26,242,74,Exposed Remote Service,Analyst Team Bravo,CRITICAL
2026-08-14,BDC-2026-001,BID-2026-4791,Coordinated Biomedical Systems Intrusion,Unauthorized Research System Access,Laboratory Information System Compromise,MODERATE,Field Coordination,Operational Recovery,Genome Sequencing Environment,Medical Device Gateway,HPE,Evidence Network,86,59,18,69,25,Web Application Exploitation,Analyst Team Delta,ELEVATED
2026-08-14,BDC-2026-001,BID-2026-6513,Coordinated Biomedical Systems Intrusion,Biomedical Infrastructure Investigation,Biocontainment System Tampering,CRITICAL,Evidence Collection,Operational Recovery,Evidence Processing Network,Medical Device Gateway,HPE,Research Operations,95,97,42,297,125,Supply Chain Compromise,National Response Cell,CRITICAL
2026-08-15,BDC-2026-001,BID-2026-2801,Coordinated Biomedical Systems Intrusion,Laboratory Access Control Investigation,Medical Device Communications Interference,HIGH,Monitoring,Operational Recovery,Biosecurity Operations Center,Network Security Appliance,Dell,Biosecurity Segment,91,78,40,138,58,Exposed Remote Service,Analyst Team Delta,HIGH
2026-08-15,BDC-2026-001,BID-2026-6717,Coordinated Biomedical Systems Intrusion,Research Facility Intrusion Investigation,Biocontainment System Tampering,HIGH,Containment,Operational Recovery,Clinical Research Environment,Laboratory Information Server,VMware,Secure Laboratory,94,71,24,209,77,Supply Chain Compromise,BioDefense Task Force,HIGH
2026-08-16,BDC-2026-001,BID-2026-4760,Coordinated Biomedical Systems Intrusion,Unauthorized Research System Access,Biomedical Supply Chain Compromise,MODERATE,Field Coordination,Operational Recovery,Protected Research Network,Clinical Data Server,HPE,Research Operations,87,42,15,63,31,Supply Chain Compromise,Analyst Team Delta,ELEVATED
2026-08-16,BDC-2026-001,BID-2026-9730,Coordinated Biomedical Systems Intrusion,Biomedical Infrastructure Investigation,Credential Misuse,MODERATE,Evidence Collection,Operational Recovery,Research Data Repository,Research Database Server,Dell,Secure Laboratory,89,54,16,50,16,Exposed Remote Service,BioDefense Task Force,ELEVATED
2026-08-17,BDC-2026-001,BID-2026-7240,Coordinated Biomedical Systems Intrusion,Biomedical Infrastructure Investigation,Evidence Repository Manipulation,MODERATE,Intelligence Analysis,Operational Recovery,Genome Sequencing Environment,Laboratory Information Server,Lenovo,Containment Network,84,56,19,50,15,Exposed Remote Service,Analyst Team Bravo,ELEVATED
2026-08-17,BDC-2026-001,BID-2026-1008,Coordinated Biomedical Systems Intrusion,Biomedical Infrastructure Investigation,Protected Research Data Exfiltration,MODERATE,Intelligence Analysis,Operational Recovery,Research Data Repository,Clinical Data Server,Cisco,Federal Operations,83,43,8,80,44,Supply Chain Compromise,Analyst Team Delta,ELEVATED
2026-08-18,BDC-2026-001,BID-2026-9800,Coordinated Biomedical Systems Intrusion,Supply Chain Security Investigation,Research Data Integrity Manipulation,MODERATE,Field Coordination,Operational Recovery,Laboratory Control Network,Clinical Data Server,Cisco,Evidence Network,91,64,16,105,36,Phishing,Analyst Team Bravo,ELEVATED
2026-08-18,BDC-2026-001,BID-2026-8887,Coordinated Biomedical Systems Intrusion,Digital Evidence Reconstruction Investigation,Research Workstation Compromise,HIGH,Monitoring,Operational Recovery,Medical Research Laboratory,Specimen Tracking Terminal,Lenovo,Evidence Network,95,78,12,201,52,Phishing,BioDefense Task Force,HIGH
2026-08-19,BDC-2026-001,BID-2026-5842,Coordinated Biomedical Systems Intrusion,Biomedical Infrastructure Investigation,Specimen Tracking Manipulation,CRITICAL,Containment,Operational Recovery,Biomedical Analysis Cluster,Biomedical Workstation,Red Hat,Containment Network,92,92,41,342,177,Supply Chain Compromise,Analyst Team Delta,CRITICAL
2026-08-19,BDC-2026-001,BID-2026-8627,Coordinated Biomedical Systems Intrusion,Biological Research Intelligence Collection,Research Data Integrity Manipulation,MODERATE,Containment,Operational Recovery,Genome Sequencing Environment,Network Security Appliance,HPE,Protected Research Segment,89,56,16,103,19,Web Application Exploitation,Analyst Team Alpha,ELEVATED
2026-08-20,BDC-2026-001,BID-2026-7168,Coordinated Biomedical Systems Intrusion,Medical Device Security Assessment,Credential Misuse,CRITICAL,Open,Operational Recovery,Genome Sequencing Environment,Clinical Data Server,Lenovo,Federal Operations,91,85,51,293,78,Web Application Exploitation,Analyst Team Delta,CRITICAL
2026-08-20,BDC-2026-001,BID-2026-2218,Coordinated Biomedical Systems Intrusion,Supply Chain Security Investigation,Clinical Research Data Manipulation,HIGH,Containment,Operational Recovery,Evidence Processing Network,Specimen Tracking Terminal,Red Hat,Federal Operations,90,80,37,166,37,Phishing,Analyst Team Delta,HIGH
2026-08-21,BDC-2026-001,BID-2026-5945,Coordinated Biomedical Systems Intrusion,Laboratory Security Breach Investigation,Specimen Tracking Manipulation,MODERATE,Evidence Collection,Operational Recovery,Laboratory Control Network,Medical Device Gateway,HPE,Biosecurity Segment,88,42,19,109,10,Exposed Remote Service,Analyst Team Delta,ELEVATED
2026-08-21,BDC-2026-001,BID-2026-1480,Coordinated Biomedical Systems Intrusion,Research Data Integrity Investigation,Unauthorized Laboratory Network Access,LOW,Field Coordination,Operational Recovery,Research Data Repository,Clinical Data Server,Microsoft,Federal Operations,82,30,7,25,10,Exposed Remote Service,BioDefense Task Force,ROUTINE
2026-08-22,BDC-2026-001,BID-2026-3128,Coordinated Biomedical Systems Intrusion,Medical Device Security Assessment,Clinical Research Data Manipulation,MODERATE,Field Coordination,Operational Recovery,Laboratory Control Network,Medical Device Gateway,Dell,Research Operations,95,56,12,38,31,Third-Party Access,Joint Cyber Investigation Unit,ELEVATED
2026-08-22,BDC-2026-001,BID-2026-1797,Coordinated Biomedical Systems Intrusion,Biocontainment Network Investigation,Protected Research Data Exfiltration,MODERATE,Evidence Collection,Operational Recovery,Biomedical Analysis Cluster,Access Control Server,Dell,Federal Operations,95,56,12,60,25,Unauthorized Physical Access,Analyst Team Alpha,ELEVATED
2026-08-23,BDC-2026-001,BID-2026-4817,Coordinated Biomedical Systems Intrusion,Research Data Integrity Investigation,Medical Device Communications Interference,MODERATE,Evidence Collection,Operational Recovery,Medical Research Laboratory,Genome Analysis Workstation,Cisco,Protected Research Segment,86,43,8,84,20,Compromised Credentials,Joint Cyber Investigation Unit,ELEVATED
2026-08-23,BDC-2026-001,BID-2026-9736,Coordinated Biomedical Systems Intrusion,Laboratory Security Breach Investigation,Clinical Research Data Manipulation,LOW,RESOLVED,Operational Recovery,Genome Sequencing Environment,Evidence Repository,Palo Alto Networks,Evidence Network,86,22,7,22,4,Third-Party Access,National Response Cell,ROUTINE
2026-09-03,BDC-2026-001,BID-2026-3759,Coordinated Biomedical Systems Intrusion,Medical Device Security Assessment,Medical Device Communications Interference,HIGH,ESCALATED,Operational Recovery,Federal Investigation Network,Genome Analysis Workstation,HPE,Containment Network,98,65,33,194,47,Phishing,Joint Cyber Investigation Unit,HIGH
